model,rmse,mae,dir_acc,regime_acc,ari
AR(2) Baseline,1.6339811437326301,1.2485030526629008,0.4708333333333333,0.6715176715176715,0.0
"ARMA(2,1) Baseline",1.6738577402328956,1.273920521082791,0.47291666666666665,0.6715176715176715,0.0
HMM,1.6958661453078283,1.293325185782813,0.50625,0.6403326403326404,0.07556998723699389
Threshold (TAR),1.5369565037466524,1.1846499467833933,0.5354166666666667,0.5488565488565489,-0.05146404032123059
ML Regime (XGB),0.39571176707078604,0.29693759577406076,0.9041666666666667,0.6424116424116424,0.07682745360433327
Mixture of Experts,1.339343201189854,1.0242228024065678,0.5979166666666667,0.5758835758835759,-0.02156251059415916
MSNN,0.6127745830957573,0.3405840129641834,0.8770833333333333,0.5093555093555093,-0.0018571571684856635
Markov Switching (MSM),1.673247044878163,1.2725442056650706,0.44375,0.7525987525987526,0.24426977873195382
