model,rmse,mae,dir_acc,regime_acc,ari
HMM,1.5818230856719422,1.191390870309521,0.5078947368421053,0.7506561679790026,0.2493540453547731
Threshold (TAR),1.5247953605846132,1.1420030077610897,0.5210526315789473,0.5013123359580053,-0.04502770744471461
ML Regime (XGB),0.3270322994889883,0.24992167959505465,0.9052631578947369,0.6640419947506562,0.1027833483797058
Mixture of Experts,1.2931972429681704,0.9845088633738445,0.6368421052631579,0.5354330708661418,-0.023815579857989932
MSNN,0.5215742496044503,0.28332217135822435,0.8868421052631579,0.5144356955380578,-0.0058055479408329795
Markov Switching (MSM),1.6654963553800628,1.2433267773569572,0.46578947368421053,0.8057742782152231,0.35688247422680414
