model,LSR_mild,LSR_severe
Markov Switching (MSM),3.56653428926257,7.148388789530893
HMM,1.5090616505682326,2.2949126938656113
Threshold (TAR),1.6437269441707767,2.7754587066029086
ML Regime (XGB),8.432765280721991,21.406373035411228
Mixture of Experts,1.9621680538223196,3.540610134977626
MSNN,4.067863657444054,5.534500146580393
