model,LSR_mild,LSR_severe
Markov Switching (MSM),3.566528609524999,7.148384771220285
AR(2) Baseline,1.6560868928936703,2.6077292362491957
"ARMA(2,1) Baseline",3.331977257613628,6.93534662639958
HMM,1.5090616505682326,2.2949126938656113
Threshold (TAR),1.6437269441707767,2.7754587066029086
ML Regime (XGB),8.432765280721991,21.406373035411228
Mixture of Experts,1.9621680538223196,3.540610134977626
MSNN,4.067863657444054,5.534500146580393
Model Average,2.467880708219952,4.917410841380844
