model,pre_rmse,post_rmse,pre_mae,post_mae,pre_dir_acc,post_dir_acc,pre_regime_acc,post_regime_acc,pre_ari,post_ari,LSR
Markov Switching (MSM),2.954248653425015,4.037761677858588,2.0725215261315606,3.175201533292315,0.4583333333333333,0.4351464435146444,0.8571428571428571,0.875,-0.027989884599648032,0.0,1.3667643283210553
HMM,2.0404980732599283,2.3113996184988204,1.5494853861754427,1.5976303943304455,0.6481481481481481,0.6610878661087866,0.6497695852534562,0.8833333333333333,0.08656128252205454,0.49614232278906295,1.1327624601347128
Threshold (TAR),1.9118841541272908,2.27583485737879,1.4904392605818788,1.589030319984193,0.6296296296296297,0.6359832635983264,0.7050691244239631,0.7833333333333333,-0.10340701967565546,-0.015357712144152161,1.190362319430001
ML Regime (XGB),0.35653684276590275,2.559010182741462,0.25921485112514386,1.744842267137846,0.8611111111111112,0.5857740585774058,0.7557603686635944,0.9,0.1573207094331665,0.5111139872247941,7.177407405394752
Mixture of Experts,1.791181461429935,2.9917176475480476,1.4241271020744042,1.7267656011150143,0.6064814814814815,0.6234309623430963,0.847926267281106,0.8583333333333333,-0.000326451532576067,0.20109005870281105,1.6702482190104027
MSNN,1.852000610835515,3.067729971173276,0.4498892490538069,1.97248656047124,0.7962962962962963,0.5062761506276151,0.5622119815668203,0.6083333333333333,-0.02640460672644093,-0.0056413407259424415,1.6564411218702857
