model,pre_rmse,post_rmse,pre_mae,post_mae,pre_dir_acc,post_dir_acc,pre_regime_acc,post_regime_acc,pre_ari,post_ari,LSR
Markov Switching (MSM),0.8230047863836669,0.7234757233026694,0.5960922976006374,0.5937272319773355,0.352059925093633,0.30851063829787234,0.7425373134328358,0.9434628975265018,0.12006908124758538,0.0,0.879066239216663
HMM,0.6475635756802453,0.3779424979017804,0.48701380364361174,0.29538376133281047,0.7078651685393258,0.7836879432624113,0.8917910447761194,0.9611307420494699,0.5486146267327507,0.6519277272210526,0.5836376712836666
Threshold (TAR),0.6239650473283943,0.39663097827142413,0.47410531175112025,0.30548239517795056,0.6741573033707865,0.6702127659574468,0.8283582089552238,0.833922261484099,0.357684653085256,0.21483376601519474,0.6356621726393179
ML Regime (XGB),0.13954242652829713,0.44337628673400103,0.10023913118819568,0.3473335517245596,0.9363295880149812,0.648936170212766,0.9626865671641791,0.9964664310954063,0.8340132949777675,0.9639651280602047,3.177358274379245
Mixture of Experts,0.6186593453136702,0.406824254242744,0.4593024731225144,0.31936701099391807,0.6891385767790262,0.6099290780141844,0.7798507462686567,0.9328621908127208,0.030251302125766714,-0.017002794654194926,0.6575900884175402
MSNN,0.3261648596684264,0.49337167092384526,0.1633590478655493,0.375770677531822,0.9063670411985019,0.5602836879432624,0.5111940298507462,0.6007067137809188,-0.0031749000145435947,0.0126041415192244,1.5126450774395295
